,TotalPremium,TotalClaims
TotalPremium,1.0,0.12158825998989627
TotalClaims,0.12158825998989627,1.0
