,UnderwrittenCoverID,PolicyID,PostalCode,mmcode,RegistrationYear,Cylinders,cubiccapacity,kilowatts,NumberOfDoors,CustomValueEstimate,NumberOfVehiclesInFleet,SumInsured,CalculatedPremiumPerTerm,TotalPremium,TotalClaims
count,1000098.0,1000098.0,1000098.0,999546.0,1000098.0,999546.0,999546.0,999546.0,999546.0,220456.0,0.0,1000098.0,1000098.0,1000098.0,1000098.0
mean,104817.5460754846,7956.682450119888,3020.600887113063,54877704.02047429,2010.2253709136505,4.0466421755476985,2466.7432584393314,97.20791939540551,4.019249739381679,225531.1299417571,,604172.732588964,117.87569130125243,61.90549595760243,64.86118977327712
std,63293.70845512353,5290.038509657953,2649.85441334488,13603805.343561785,3.261391454005576,0.2940201164817441,442.8006402884938,19.393255655193194,0.468314430312715,564515.7498478263,,1508331.837996336,399.7017210631286,230.28451275331594,2384.0746944586963
min,1.0,14.0,1.0,4041200.0,1987.0,0.0,0.0,0.0,0.0,20000.0,,0.01,0.0,-782.5767544,-12002.41228
25%,55143.0,4500.0,827.0,60056925.0,2008.0,4.0,2237.0,75.0,4.0,135000.0,,5000.0,3.2248,0.0,0.0
50%,94083.0,7071.0,2000.0,60058415.0,2011.0,4.0,2694.0,111.0,4.0,220000.0,,7500.0,8.4369,2.178333333,0.0
75%,139190.0,11077.0,4180.0,60058418.0,2013.0,4.0,2694.0,111.0,4.0,280000.0,,250000.0,90.0,21.92982456,0.0
max,301175.0,23246.0,9870.0,65065350.0,2015.0,10.0,12880.0,309.0,6.0,26550000.0,,12636200.0,74422.1679,65282.60342,393092.1053
